station_name,Latitude,Longitude
Jeffery Blvd & 71st St,41.766638236999995,-87.576450114
State St & Pearson St,41.897448,-87.628722
Evanston Civic Center,42.057044,-87.686554
California Ave & Cortez St,41.900363,-87.696704
South Chicago Ave & Elliot Ave,41.747363,-87.580046
Austin Blvd & Lake St,41.887919000000004,-87.774446
Aberdeen St & Randolph St,41.884114000000004,-87.654264
Ashland Ave & Belle Plaine Ave,41.956057,-87.668835
Leavitt St & Chicago Ave,41.895501,-87.682017
Wabash Ave & Roosevelt Rd,41.867227,-87.625961
Chicago Ave & Dempster St,42.041691,-87.680687
Morgan St & 18th St,41.858086,-87.651073
Buckingham Fountain,41.87647,-87.62034
Dodge Ave & Mulford St,42.023463,-87.699595
Ridge Blvd & Howard St,42.019276,-87.68451999999999
Throop St & 52nd St,41.799659000000005,-87.657195
State St & 29th St,41.841707,-87.626938
Loomis St & Archer Ave,41.84163254,-87.65743495299999
Delano Ct & Roosevelt Rd,41.867490999999994,-87.63219000000001
Rainbow Beach,41.757871448,-87.54938625
Wood St & Augusta Blvd,41.899181,-87.6722
Perry Ave & 69th St,41.76929309,-87.628195929
Racine Ave & Congress Pkwy,41.87464,-87.65703
Lake Shore Dr & Ohio St,41.89257,-87.614492
Field Museum,41.865312,-87.617867
Lincolnwood Dr & Central St,42.064854,-87.71529699999999
Dusable Harbor,41.886976000000004,-87.612813
MLK Jr Dr & 83rd St,41.743116,-87.6148
Michigan Ave & 8th St,41.872772999999995,-87.623981
Financial Pl & Ida B Wells Dr (Temp),41.874618,-87.632882
Seeley Ave & Roscoe St,41.943403,-87.679618
Cottage Grove Ave & 67th St,41.773720952,-87.60563486
Kedzie Ave & Roosevelt Rd,41.866492781999995,-87.706496176
Ashland Ave & 63rd St,41.779374,-87.664843
LaSalle Dr & Huron St (*),41.894877,-87.632326
Damen Ave & Grand Ave,41.891220000000004,-87.67685999999999
Greenview Ave & Diversey Pkwy,41.932595,-87.665939
Morgan Ave & 14th Pl,41.862378,-87.651062
Dearborn St & Van Buren St (*),41.876267999999996,-87.62915500000001
Wabash Ave & 83rd St,41.743316,-87.622849
Malcolm X College,41.877618,-87.673895
Larrabee St & North Ave,41.91021,-87.6435
Fairbanks St & Superior St (*),41.895748,-87.620104
Shedd Aquarium,41.867225956999995,-87.61535539
Leavitt St & Belmont Ave (*),41.939353999999994,-87.68328199999999
Clark St & Newport St,41.94454,-87.654678
Ashland Ave & Chicago Ave,41.895965999999994,-87.66774699999999
Orleans St & Hubbard St (*),41.890028,-87.636618
Wood St & Hubbard St,41.889587,-87.67195600000001
Kenton Ave & Madison St,41.880708,-87.74101800000001
Larrabee St & Menomonee St,41.91468,-87.64331999999999
Latrobe Ave & Chicago Ave,41.894745,-87.756895
Kildare Ave & Montrose Ave,41.961079999999995,-87.73569
Cicero Ave & Lake St,41.886841,-87.745261
Cornell Dr & Hayes Dr,41.780595,-87.584846
Talman Ave & Addison St,41.946635831,-87.69461475799999
Halsted St & Polk St,41.87184,-87.64664
Commercial Ave & 83rd St,41.744615,-87.551208
Phillips Ave & 83rd St,41.744531,-87.56506
Archer (Damen) Ave & 37th St (*),41.826712,-87.683144
Walsh Park,41.914609999999996,-87.667968
Kostner Ave & Lake St,41.885928,-87.73541
Michigan Ave & Oak St,41.90096039,-87.62377664
Sheffield Ave & Waveland Ave,41.949399,-87.65452900000001
Sheffield Ave & Wellington Ave,41.936265999999996,-87.652662
Evans Ave & 75th St,41.758308,-87.606685
Laramie Ave & Kinzie St,41.887832,-87.755527
Normal Ave & 72nd St,41.763462,-87.637297
Wentworth Ave & 24th St,41.849237,-87.631715
Karlov Ave & Madison St,41.88085,-87.727907
California Ave & Altgeld St,41.92669,-87.69766800000001
Kedzie Ave & Leland Ave,41.966686362,-87.708051981
Clark St & Armitage Ave,41.918306,-87.636282
Sheridan Rd & Columbia Ave,42.004583000000004,-87.661406
Laramie Ave & Gladys Ave,41.875806,-87.755285
Racine Ave & Washington Blvd (*),41.883072999999996,-87.656952
Clinton St & Jackson Blvd (*),41.878419,-87.640977
Lakefront Trail & Wilson Ave,41.965845,-87.645361
Milwaukee Ave & Wabansia Ave,41.912616,-87.681391
Central Park Ave & Bloomingdale Ave,41.914165999999994,-87.716755
May St & Cullerton St,41.855136,-87.654127
Jefferson St & Monroe St,41.880421999999996,-87.642746
Central Ave & Harrison St,41.872993,-87.764499
Cicero Ave & Quincy St,41.877613000000004,-87.745405
Laramie Ave & Madison St,41.880207,-87.755337
Western Ave & Fillmore St (*),41.868563,-87.686234
Bernard St & Elston Ave,41.949923,-87.713949
Rhodes Ave & 71st St,41.766000000000005,-87.611726
Michigan Ave & 71st St,41.765285999999996,-87.621748
Damen Ave & Coulter St,41.8492,-87.67564
State St & 54th St,41.796642,-87.625923
Smith Park (*),41.892047999999996,-87.689397
Central Ave & Madison St,41.880121,-87.763238
Campbell Ave & North Ave,41.910534999999996,-87.68955600000001
Wood St & Chicago Ave (*),41.895634,-87.672069
Western Ave & 21st St,41.854109,-87.685838
Canal St & Adams St,41.879255,-87.639904
Austin Blvd & Madison St,41.880281,-87.77445300000001
Green St & Madison St,41.881892,-87.64878900000001
Hoyne Ave & Balmoral Ave,41.979851000000004,-87.68193199999999
Indiana Ave & 40th St,41.82168,-87.6216
MLK Jr Dr & 47th St,41.809851,-87.616279
Stewart Ave & 63rd St (*),41.779835,-87.634774
State St & 76th St,41.756971,-87.62462099999999
Prairie Ave & Garfield Blvd,41.794853,-87.618691
Halsted St & Archer Ave,41.847203,-87.646795
Damen Ave & Madison St,41.881370000000004,-87.67493
Lincoln Ave & Fullerton Ave,41.925905,-87.64926
Canal St & Madison St,41.882090999999996,-87.639833
Sangamon St & Washington Blvd (*),41.883165000000005,-87.6511
LaSalle St & Illinois St,41.890762,-87.631697
Carpenter St & 63rd St,41.77987,-87.65091899999999
Eggleston Ave & 69th St (*),41.768898,-87.635876
Elizabeth St & 59th St,41.786691,-87.65585899999999
Damen Ave & Walnut (Lake) St (*),41.885951,-87.677009
Leavitt St & Division St (*),41.902997,-87.683825
Racine Ave & 15th St,41.861267,-87.656625
Western Ave & 24th St,41.84847,-87.685109
Morgan St & 31st St,41.8378,-87.65114
Ogden Ave & Race Ave,41.891795,-87.658751
Cottage Grove Ave & 43rd St,41.816499,-87.60658199999999
Racine Ave (May St) & Fulton St,41.886926,-87.65691899999999
Stony Island Ave & 75th St,41.75866967,-87.586882871
Wallace St & 35th St,41.830628999999995,-87.64129
Wentworth Ave & 35th St,41.830777000000005,-87.632504
Halsted St & Maxwell St,41.864883,-87.647071
Milwaukee Ave & Cuyler Ave,41.954468,-87.74959399999999
Wabash Ave & 9th St,41.870769,-87.625734
Calumet Ave & 35th St,41.831379,-87.618034
Ashland Ave & Blackhawk St,41.907066,-87.667252
Wood St & Milwaukee Ave,41.907655,-87.672552
South Shore Dr & 67th St,41.773643,-87.567514
Wolcott Ave & Polk St,41.871262,-87.673688
Wood St & 35th St,41.830104654,-87.670298309
Stony Island Ave & 64th St,41.778881,-87.586647
Ashland Ave & Harrison St,41.874291,-87.66724599999999
Halsted St & 63rd St,41.779381142,-87.644620815
Princeton Ave & Garfield Blvd,41.794982,-87.633124
Halsted St & 69th St,41.76906172,-87.64461357799999
Kostner Ave & Adams St,41.877917,-87.735737
Pulaski Rd & Congress Pkwy,41.874325,-87.72570400000001
MLK Jr Dr & 56th St (*),41.793429456999995,-87.615853262
MLK Jr Dr & 63rd St,41.780080637,-87.61594285700001
Cottage Grove Ave & 63rd St,41.780599015,-87.60611238799999
Shields Ave & 28th Pl,41.842733,-87.635491
Ellis Ave & 60th St,41.785097146,-87.601072761
Dorchester Ave & 49th St,41.805772,-87.592464
Western Ave & Walton St,41.898417689,-87.68659601600001
Pulaski Rd & Eddy St (Temp),41.946264,-87.731023
Lake Park Ave & 35th St,41.831274235,-87.608799195
Ogden Ave & Congress Pkwy,41.875009999999996,-87.67328
Kedzie Ave & Foster Ave,41.975671999999996,-87.709261
St. Louis Ave & Balmoral Ave,41.980394235,-87.716114961
Broadway & Granville Ave,41.994779688,-87.660284535
Western Ave & Granville Ave,41.994161369000004,-87.68943828200001
Central Ave & Chicago Ave,41.894958,-87.764902
South Shore Dr & 74th St,41.76218896,-87.55927465
Southport Ave & Clark St,41.957081,-87.664199
Halsted St & North Branch St,41.899368439,-87.648479875
Woodlawn Ave & 75th St,41.759159999999994,-87.595751
Ashland Ave & Lake St (Temp),41.88592,-87.66717
Leavitt St & Addison St,41.946655,-87.683359
Damen Ave & Cullerton St,41.855048,-87.675726
Central Park Ave & Elbridge Ave,41.935337283,-87.716889294
Kedzie Ave & Bryn Mawr Ave,41.982397085,-87.70892252
Wabash Ave & 87th St,41.736646,-87.62263399999999
Lincoln Ave & Belmont Ave,41.939365,-87.668385
Lakefront Trail & Bryn Mawr Ave,41.984036696,-87.652310469
Ridge Blvd & Touhy Ave,42.012132277,-87.682912644
Kingsbury St & Kinzie St,41.889176833,-87.638505772
Franklin St & Lake St,41.885837,-87.6355
Stony Island Ave & South Chicago Ave,41.751173,-87.585337
Vernon Ave & 75th St,41.758361,-87.614138
Racine Ave & 13th St,41.865054,-87.656959
State St & 35th St,41.83104,-87.62688
Sheridan Rd & Lawrence Ave,41.969516999999996,-87.654691
Ellis Ave & 53rd St,41.799336263,-87.600958115
Damen Ave & Sunnyside Ave,41.96325,-87.67925799999999
Ashland Ave & Pershing Rd,41.823465,-87.665577
Troy St & North Ave,41.909769302,-87.70528048700001
Clark St & North Ave,41.911974,-87.63194200000001
California Ave & Montrose Ave,41.961068,-87.69543900000001
Phillips Ave & 79th St,41.75182,-87.565211
Orleans St & Chestnut St (NEXT Apts),41.898203,-87.637536
Greenwood Ave & 79th St,41.751294,-87.59755200000001
Campbell Ave & Fullerton Ave,41.924632472,-87.689307006
Peoria St & Jackson Blvd,41.877749,-87.649633
Stony Island Ave & 71st St,41.766492936999995,-87.586460878
Cottage Grove Ave & 78th St,41.753174,-87.605026
Calumet Ave & 71st St,41.765508006,-87.616917925
Sheridan Rd & Montrose Ave,41.96167,-87.65464
Wentworth Ave & 63rd St,41.780079633,-87.629746305
2112 W Peterson Ave,41.991178000000005,-87.683593
Indiana Ave & 31st St,41.838842,-87.62185699999999
Sheffield Ave & Kingsbury St,41.910522,-87.65310600000001
Keystone Ave & Fullerton Ave,41.924377,-87.72823100000001
Woodlawn Ave & 55th St,41.795264,-87.596471
Pulaski Rd & Lake St,41.885409,-87.72649100000001
Elizabeth St & 47th St,41.80839,-87.656526
Clifton Ave & Armitage Ave,41.918215999999994,-87.656936
Western Blvd & 48th Pl,41.805661,-87.683392
Yates Blvd & 75th St,41.758767999999996,-87.56644
Ashland Ave & 50th St,41.803022999999996,-87.664699
Franklin St & Quincy St,41.878724,-87.634793
Sedgwick St & North Ave,41.911386,-87.638677
Jeffery Blvd & 76th St,41.757120068,-87.575839359
Clark St & Schiller St,41.907993,-87.631501
Wilton Ave & Belmont Ave,41.94018,-87.65304
Shields Ave & 43rd St,41.816207679,-87.63481935
Stony Island Ave & 82nd St,41.746559000000005,-87.586005
Cottage Grove Ave & 83rd St,41.744053,-87.604786
Hoyne Ave & 47th St,41.808227,-87.67718
Ellis Ave & 83rd St,41.744122999999995,-87.599034
South Shore Dr & 71st St,41.766409456999995,-87.565687572
Calumet Ave & 51st St,41.802294651,-87.61805358
Princeton Ave & 47th St,41.809317709,-87.633449288
Leavitt St & Armitage Ave,41.917805,-87.682437
Prairie Ave & 43rd St,41.816658893,-87.61941246200001
900 W Harrison St,41.874753999999996,-87.649807
Franklin St & Chicago Ave,41.896776,-87.635633
Bissell St & Armitage Ave,41.918440000000004,-87.65222
Dearborn St & Erie St,41.893992,-87.62931800000001
Clinton St & Polk St (*),41.871466518000005,-87.64094913299999
Blackstone Ave & Hyde Park Blvd,41.802562,-87.59036800000001
Halsted St & 47th Pl,41.808133915,-87.645616554
63rd St Beach,41.781016371999996,-87.57611976
Halsted St & 21st St,41.85378,-87.64665
Calumet Ave & 33rd St,41.8349,-87.61793
South Chicago Ave & 83rd St,41.743921,-87.575225
Emerald Ave & 31st St,41.838198,-87.645143
Damen Ave & Division St,41.903265999999995,-87.678435
Cottage Grove Ave & 47th St,41.809855,-87.606755
Blue Island Ave & 18th St,41.857556,-87.661535
Sedgwick St & Webster Ave,41.922167,-87.638888
Milwaukee Ave & Rockwell St,41.920195,-87.693033
Ashland Ave & Division St,41.90345,-87.66774699999999
Albany Ave & Montrose Ave,41.961040999999994,-87.705866
Rhodes Ave & 32nd St,41.836208,-87.61353299999999
State St & 33rd St,41.834734000000005,-87.625813
Canal St & Monroe St (*),41.880381,-87.639507
Paulina St & 18th St,41.857901,-87.668745
Kedzie Ave & Lake St,41.884603285,-87.706303744
Wells St & Polk St,41.872596,-87.63350200000001
Michigan Ave & Madison St,41.882134,-87.625125
Wacker Dr & Washington St,41.883132,-87.637321
Fort Dearborn Dr & 31st St,41.838556,-87.60821800000001
Western Ave & Monroe St,41.879787709,-87.68611280799999
Central Ave & Lake St,41.887664,-87.765469
Elston Ave & Wabansia Ave,41.912919,-87.664169
Clinton St & 18th St,41.85795,-87.640826
State St & 19th St,41.856594,-87.627542
Indiana Ave & 26th St,41.845687,-87.62248100000001
Kedzie Ave & 21st St,41.853533632,-87.705073032
Hermitage Ave & Polk St,41.871514000000005,-87.669886
Maplewood Ave & Peterson Ave,41.990236029,-87.69336964
Eberhart Ave & 61st St,41.784141693,-87.61330783
Sacramento Blvd & Franklin Blvd,41.889727,-87.70103
Cottage Grove Ave & Oakwood Blvd,41.822984999999996,-87.6071
Ashland Ave & 69th St,41.768726,-87.664069
Central Park Blvd & 5th Ave,41.875679,-87.71547
Kilbourn Ave & Irving Park Rd,41.953733,-87.740569
Campbell Ave & Montrose Ave,41.961525933000004,-87.691165041
May St & Taylor St,41.8694821,-87.6554864
Southport Ave & Waveland Ave,41.94815,-87.66394
Wells St & 19th St,41.856802,-87.63387900000001
Dearborn St & Adams St,41.879356359,-87.629791036
Wells St & Hubbard St,41.889905999999996,-87.634266
Ashland Ave & Archer Ave,41.839208684,-87.665609859
Kosciuszko Park,41.930585371,-87.723777364
Halsted St & Roosevelt Rd,41.867323999999996,-87.648625
Manor Ave & Leland Ave,41.965875,-87.700825
Lincoln Ave & Winona St,41.974911297,-87.69250255899999
Lincoln Ave & Sunnyside Ave,41.963004,-87.684781
Ashland Ave & Garfield Blvd,41.792821999999994,-87.664429
MLK Jr Dr & 29th St,41.842052,-87.617
Marshfield Ave & 59th St,41.786833,-87.66621500000001
Keystone Ave & Montrose Ave,41.961108016,-87.728970101
Seeley Ave & Garfield Blvd,41.794087,-87.675478
Racine Ave & 61st St,41.783189,-87.654372
California Ave & Fletcher St,41.938428791,-87.69800775600001
Western Ave & Lunt Ave,42.008594396999996,-87.690492239
Racine Ave & Garfield Blvd,41.794228000000004,-87.655073
Western Ave & 28th St,41.841517708000005,-87.68513144100001
Millard Ave & 26th St,41.844566849,-87.71591030799999
Larrabee St & Armitage Ave,41.918084,-87.643749
California Ave & 26th St,41.844040031,-87.69529592299999
Calumet Ave & 21st St,41.854184249,-87.619153741
Canal St & Taylor St,41.870257,-87.63947399999999
Winthrop Ave & Lawrence Ave,41.968812,-87.657659
Broadway & Sheridan Rd,41.952833,-87.64999300000001
Central Park Ave & Ogden Ave,41.854204313000004,-87.715405838
Kedzie Ave & 24th St,41.848190945,-87.705413746
Shore Dr & 55th St,41.795212,-87.580715
Halsted St & 37th St,41.827059000000006,-87.64572
Morgan St & Polk St,41.871736999999996,-87.65103
Western Ave & Roscoe St,41.943034000000004,-87.687288
Ashland Ave & McDowell Ave,41.80887,-87.66454
Sawyer Ave & Irving Park Rd,41.953586179,-87.7093108
Conservatory Dr & Lake St,41.885502,-87.71686600000001
Avondale Ave & Irving Park Rd,41.953393,-87.73200200000001
Dayton St & North Ave,41.910578035,-87.649421929
Racine Ave & Belmont Ave,41.939743,-87.658865
Halsted St & Dickens Ave,41.919936,-87.64883
Halsted St & 59th St,41.787539,-87.644874
Damen Ave & 59th St,41.78602,-87.67416700000001
Broadway & Argyle St,41.973815,-87.65966
Racine Ave & Randolph St,41.884069000000004,-87.656853
Damen Ave & Pershing Rd,41.823192,-87.676597
Ashland Ave & Augusta Blvd,41.899643,-87.6677
Ashland Ave & 66th St,41.774074,-87.663815
Halsted St & Willow St,41.913865,-87.64875500000001
University Library (NU),42.052939,-87.673447
Stockton Dr & Wrightwood Ave,41.93132,-87.63874200000001
Elmwood Ave & Austin St,42.025784,-87.684107
Wood St & Taylor St,41.869153999999995,-87.67104499999999
Loomis St & Lexington St,41.872187,-87.661501
Dodge Ave & Church St,42.048308,-87.698224
State St & 79th St,41.750794,-87.624424
Valli Produce - Evanston Plaza,42.039742,-87.699413
Central St Metra,42.063598,-87.69873
Southport Ave & Clybourn Ave,41.920771,-87.663712
Orleans St & Merchandise Mart Plaza,41.888243,-87.63639
Green St & Randolph St,41.883668,-87.64867
Wentworth Ave & Cermak Rd (Temp),41.853004999999996,-87.630578
Ellis Ave & 58th St,41.788746,-87.601334
Halsted St & Clybourn Ave (*),41.909667999999996,-87.648128
Bosworth Ave & Howard St,42.019537,-87.669563
Glenwood Ave & Touhy Ave,42.012701,-87.66605799999999
Eberhart (Vernon) Ave & 79th St,41.751345,-87.61256800000001
Clark St & Lunt Ave,42.009074,-87.67419
Racine Ave & 65th St,41.775393,-87.654308
Western Ave & Howard St,42.018901,-87.690048
Damen Ave & 51st St,41.800908,-87.674684
Central St & Girard Ave,42.064313,-87.686152
Clark St & Jarvis Ave,42.015963,-87.675005
Western Ave & Congress Pkwy,41.874748851,-87.686445276
Oakley Ave & Touhy Ave,42.012342,-87.688243
Greenview Ave & Jarvis Ave,42.015962,-87.66856999999999
Damen Ave & Thomas St (Augusta Blvd),41.901315000000004,-87.677409
McClurg Ct & Erie St,41.894503,-87.61785400000001
Emerald Ave & 28th St,41.843579999999996,-87.645368
Racine Ave & 18th St,41.858166,-87.65649499999999
Clark St & Montrose Ave,41.961588,-87.666036
Wabash Ave & Wacker Pl,41.886875,-87.62603
Lake Shore Dr & Belmont Ave,41.940775,-87.63919200000001
Paulina St & Montrose Ave,41.961507,-87.671387
Halsted St & Roscoe St,41.943670000000004,-87.64895
Sheridan Rd & Buena Ave,41.958494,-87.654966
Burling St (Halsted) & Diversey Pkwy (Temp),41.93314,-87.64775999999999
Halsted St & 18th St,41.857499,-87.646277
Leavitt St & Lawrence Ave,41.968885,-87.684001
Southport Ave & Irving Park Rd,41.954177,-87.664358
Cottage Grove Ave & 51st St,41.803038,-87.606615
Clark St & Columbia Ave,42.004450629000004,-87.672402405
Francisco Ave & Foster Ave,41.975632725,-87.70141943899999
Sheridan Rd & Greenleaf Ave,42.010586563000004,-87.662412095
Ada St & Washington Blvd,41.88283,-87.661206
Loomis St & Jackson Blvd,41.877945000000004,-87.66200699999999
Clark St & Lake St,41.886020828,-87.630876058
Wabash Ave & Adams St,41.879472352,-87.625688606
Ravenswood Ave & Lawrence Ave,41.96909,-87.674237
Clark St & Wrightwood Ave,41.929546,-87.643118
Western Ave & Winnebago Ave,41.91552,-87.687022
Michigan Ave & 18th St,41.857813,-87.62455
Museum of Science and Industry,41.79172821,-87.58394500899999
Ashland Ave & 21st St,41.853809999999996,-87.665897
Damen Ave & Wellington Ave,41.93588,-87.67841999999999
Ellis Ave & 55th St,41.794300621,-87.601449773
University Ave & 57th St,41.791478000000005,-87.599861
Lincoln Ave & Diversey Pkwy,41.932225,-87.658617
Woodlawn Ave & Lake Park Ave,41.81409271,-87.597005148
Honore St & Division St,41.903119000000004,-87.673935
Kedzie Ave & Harrison St,41.873599675,-87.704870749
Stave St & Armitage Ave,41.917741,-87.69139200000001
Shields Ave & 31st St,41.838464,-87.635406
Washtenaw Ave & Ogden Ave (*),41.861894,-87.693511
Cornell Ave & Hyde Park Blvd,41.802406,-87.586924
Warren Park West,42.001785,-87.688829
Broadway & Ridge Ave,41.984044611,-87.66027382899999
LaSalle St & Adams St,41.879344373,-87.63198522100001
Clark St & Schreiber Ave,41.999251822,-87.671377339
Sheridan Rd & Loyola Ave,42.00104378,-87.66119824299999
Broadway & Thorndale Ave,41.989742510999996,-87.66014062100001
Clark St & Bryn Mawr Ave,41.983593,-87.669154
Racine Ave & 35th St,41.830696113,-87.655975912
Damen Ave & Foster Ave,41.975614805,-87.679459039
Wabash Ave & Cermak Rd,41.852619,-87.626488
Clark St & Elmdale Ave,41.990887,-87.669758
California Ave & 23rd Pl,41.849109692,-87.695139807
Avers Ave & Belmont Ave,41.939408,-87.723574
Leavitt St & Archer Ave,41.82879202,-87.680604459
Kimball Ave & Belmont Ave,41.939398,-87.711561
Paulina St & Howard St,42.019159,-87.673573
Racine Ave & Fullerton Ave,41.92556258,-87.65840426
Central Park Ave & North Ave,41.909656876,-87.71663195200001
May St & 69th St,41.768938,-87.652934
Marshfield Ave & Cortland St,41.916017,-87.668879
Field Blvd & South Water St,41.886349063000004,-87.61751654700001
Morgan St & Pershing Rd,41.823613,-87.650931
Knox Ave & Montrose Ave,41.960631,-87.745359
Kilbourn Ave & Milwaukee Ave,41.948818,-87.74002
Rush St & Cedar St,41.902308700999995,-87.62769052799999
Wells St & Elm St,41.903222,-87.63432399999999
Clark St & Wellington Ave,41.936496821999995,-87.64753865799999
Broadway & Wilson Ave,41.965221,-87.658139
Morgan St & Lake St,41.885483308000005,-87.652304856
Kingsbury St & Erie St,41.893626,-87.641527
Logan Blvd & Elston Ave,41.929465,-87.684158
Clark St & Winnemac Ave (Temp),41.973255,-87.6697
Canal St & Jackson Blvd,41.877245,-87.63936600000001
Adler Planetarium,41.866095,-87.60726700000001
Milwaukee Ave & Grand Ave,41.891578,-87.648384
Lake Shore Dr & Monroe St,41.880958,-87.616743
Oakley Ave & Irving Park Rd,41.954340852,-87.686079624
Franklin St & Jackson Blvd,41.877707956,-87.635321141
Larrabee St & Kingsbury St,41.897764,-87.642884
Daley Center Plaza,41.884240999999996,-87.629634
Aberdeen St & Jackson Blvd,41.87772613,-87.65478743
Halsted St & Wrightwood Ave,41.929142999999996,-87.649077
Clinton St & Washington Blvd,41.883379999999995,-87.64116999999999
Desplaines St & Randolph St,41.88461619,-87.644570585
Rush St & Hubbard St,41.890173,-87.62618499999999
Damen Ave & Chicago Ave,41.895769,-87.67721999999999
Wilton Ave & Diversey Pkwy,41.932418,-87.65270500000001
Damen Ave & Melrose Ave,41.9406,-87.6785
Ashland Ave & Wellington Ave,41.936083,-87.66980699999999
Damen Ave & Leland Ave,41.967094,-87.679028
Damen Ave & Charleston St,41.920082,-87.67785500000001
Lake Park Ave & 56th St,41.793242,-87.58778199999999
Clark St & Chicago Ave,41.896544,-87.630931
Halsted St & 56th St,41.792929646,-87.644990057
Halsted St & 51st St,41.80183164,-87.645213904
Eastlake Ter & Rogers Ave,42.021019,-87.665086
Central Park Ave & 24th St,41.8481,-87.715068
Albany Ave & Bloomingdale Ave,41.914026713,-87.70512646200001
Troy St & Elston Ave,41.945243568,-87.706649901
Fairfield Ave & Roosevelt Rd,41.866624,-87.694521
State St & Pershing Rd,41.823015238,-87.62656801799999
Cicero Ave & Flournoy St,41.872131,-87.746619
Albany Ave & 26th St,41.844475014000004,-87.702013013
Bennett Ave & 79th St,41.751785,-87.578496
Greenview Ave & Fullerton Ave,41.925329999999995,-87.6658
Lincoln Ave & Roscoe St,41.94334,-87.67097
Western Ave & Leland Ave,41.966555,-87.688487
Halsted St & 35th St (*),41.830661,-87.647172
Desplaines St & Jackson Blvd,41.878287,-87.643909
Lake Park Ave & 53rd St,41.799494294,-87.586449896
Glenwood Ave & Morse Ave,42.007971923,-87.665502394
Clinton St & Roosevelt Rd,41.867117783000005,-87.64108795899999
Sedgwick St & Huron St,41.894666,-87.638437
Drake Ave & Fullerton Ave,41.924398819000004,-87.715441036
Spaulding Ave & Armitage Ave,41.917183752,-87.710356652
Wells St & Huron St,41.894721999999994,-87.634362
Clinton St & Lake St,41.885637,-87.641823
Stony Island Ave & 67th St,41.773458499,-87.58533973899999
Winchester (Ravenswood) Ave & Balmoral Ave,41.979762,-87.67753
Racine Ave & Wrightwood Ave,41.928886999999996,-87.658971
Harper Ave & 59th St,41.787942813,-87.58831517
Broadway & Barry Ave,41.937725,-87.644095
Michigan Ave & Jackson Blvd,41.87785,-87.62408
Pine Grove Ave & Waveland Ave,41.949275,-87.646303
Wells St & Concord Ln,41.912133000000004,-87.634656
Rockwell St & Eastwood Ave,41.96590014,-87.693638494
Clark St & Ida B Wells Dr,41.875932666,-87.630584536
Ashland Ave & Wrightwood Ave,41.92883,-87.66850699999999
Clark St & Lincoln Ave,41.915689,-87.6346
Paulina Ave & North Ave,41.910337,-87.67007199999999
Normal Ave & Archer Ave,41.849527,-87.640591
Clark St & Elm St,41.902972999999996,-87.63128
Clybourn Ave & Division St,41.904613,-87.640552
Mies van der Rohe Way & Chicago Ave,41.89691,-87.62174300000001
MLK Jr Dr & Pershing Rd,41.8246,-87.61678
Damen Ave & Cortland St,41.915983000000004,-87.677335
Wolcott (Ravenswood) Ave & Montrose Ave (*),41.961406,-87.67616899999999
Orleans St & Elm St (*),41.902924,-87.637715
Southport Ave & Roscoe St,41.943739,-87.66402
Lincoln Ave & Waveland Ave,41.948797,-87.675278
Michigan Ave & Pearson St,41.897659999999995,-87.62351
California Ave & North Ave,41.91044,-87.6972
Clarendon Ave & Junior Ter,41.961003999999996,-87.649603
LaSalle St & Jackson Blvd,41.878166,-87.631929
Kedzie Ave & Milwaukee Ave,41.929567,-87.70785699999999
Clarendon Ave & Leland Ave,41.967968,-87.650001
Lake Park Ave & 47th St,41.809443,-87.591875
Noble St & Milwaukee Ave,41.90068,-87.6626
Lincoln Ave & Addison St,41.946176,-87.67330799999999
Jeffery Blvd & 67th St,41.773517551,-87.577142826
Federal St & Polk St,41.872077633,-87.629543773
Ogden Ave & Roosevelt Rd,41.866501483,-87.68469707
Clarendon Ave & Gordon Ter,41.957879,-87.649519
Wells St & Evergreen Ave,41.906724,-87.63483000000001
Michigan Ave & Washington St,41.883892766,-87.624649141
State St & Randolph St,41.884730200999996,-87.627733569
Dorchester Ave & 63rd St,41.780405646,-87.591415989
DuSable Museum,41.791568011,-87.60785217700001
Clark St & Touhy Ave,42.012560115,-87.674367115
Wentworth Ave & 33rd St,41.834529886,-87.631822981
McCormick Place,41.851375173,-87.618834649
Chicago Ave & Washington St,42.032562,-87.679101
Damen Ave & Pierce Ave,41.909396007,-87.67769192899999
Wells St & Walton St,41.89993001,-87.63443007
Clinton St & Madison St,41.882242,-87.64106600000001
Marshfield Ave & 44th St,41.813996,-87.666589
Winchester Ave & Elston Ave,41.92409085,-87.676460075
Wolcott Ave & Fargo Ave,42.016977000000004,-87.677725
Spaulding Ave & Division St,41.902706594,-87.709219571
Mies van der Rohe Way & Chestnut St,41.898586651,-87.621915226
Loomis St & Taylor St (*),41.868968,-87.659141
Sheffield Ave & Willow St,41.913688,-87.652855
Dearborn Pkwy & Delaware Pl,41.898969,-87.629912
Ritchie Ct & Banks St,41.906866,-87.62621700000001
Sheffield Ave & Webster Ave,41.92154,-87.653818
Greenwood Ave & 47th St,41.809835,-87.59938299999999
Ashland Ave & Grand Ave,41.891071999999994,-87.666611
Michigan Ave & Ida B Wells Dr,41.876243,-87.624426
Artesian Ave & Hubbard St,41.88949182,-87.688219365
Warren Park East,42.004549622,-87.680666145
Washtenaw Ave & Lawrence Ave,41.968987,-87.696027
Clinton St & Tilden St,41.875885,-87.640795
California Ave & Byron St,41.952162193,-87.69805111299999
Exchange Ave & 79th St,41.751731,-87.552812
Drake Ave & Montrose Ave,41.961154076,-87.71656907299999
Western Ave & Division St,41.902893,-87.687275
Kedzie Ave & Palmer Ct,41.921525,-87.70732199999999
Monticello Ave & Irving Park Rd,41.954004839,-87.71912818
Marine Dr & Ainslie St,41.9716,-87.650154
Humboldt Blvd & Armitage Ave,41.917513394000004,-87.701808955
Wabash Ave & 16th St,41.860384,-87.625813
Carpenter St & Huron St,41.894556,-87.653449
St. Clair St & Erie St,41.894448,-87.622663
Damen Ave & Clybourn Ave,41.931931,-87.677856
Millennium Park,41.8810317,-87.62408432
LaSalle St & Washington St,41.882664,-87.63253
Lake Shore Dr & Wellington Ave,41.936669,-87.636794
Southport Ave & Wrightwood Ave,41.928773,-87.663913
Larrabee St & Webster Ave,41.921822,-87.64414000000001
California Ave & Lake St,41.884453957,-87.69629813700001
Clark St & Berwyn Ave,41.977996654,-87.668047105
Benson Ave & Church St,42.048214,-87.683485
Sheffield Ave & Wrightwood Ave,41.928712,-87.65383299999999
Southport Ave & Wellington Ave,41.935733,-87.663576
State St & Harrison St,41.874053,-87.627716
Southport Ave & Belmont Ave,41.93949,-87.66378
Indiana Ave & Roosevelt Rd,41.867888,-87.623041
Michigan Ave & Lake St,41.886024,-87.624117
California Ave & Francis Pl,41.918121,-87.696972
Stetson Ave & South Water St,41.886835,-87.62232
Sheridan Rd & Irving Park Rd,41.954245,-87.65440600000001
Broadway & Cornelia Ave,41.945529,-87.646439
Canal St & Harrison St,41.874255,-87.639573
Clark St & Grace St,41.95078,-87.659172
California Ave & Division St,41.903029,-87.697474
Claremont Ave & Hirsch St,41.907781,-87.685854
Drake Ave & Addison St,41.947326000000004,-87.717582
State St & Van Buren St,41.877181,-87.627844
Cottage Grove Ave & 71st St,41.765719037,-87.60495971299999
California Ave & 21st St,41.854015999999994,-87.69544499999999
Clark St & Randolph St,41.884576228,-87.63188991
Richmond St & Diversey Ave,41.931901969,-87.70119513
Austin Blvd & Chicago Ave,41.894887,-87.774704
Kedzie Ave & Chicago Ave,41.895465303,-87.706127884
Ravenswood Ave & Berteau Ave,41.957921,-87.673567
Michigan Ave & 14th St,41.864059000000005,-87.623727
McClurg Ct & Illinois St,41.890359000000004,-87.617532
Pine Grove Ave & Irving Park Rd,41.954383,-87.648043
Sedgwick St & Schiller St,41.907626,-87.638566
Ravenswood Ave & Irving Park Rd,41.95469,-87.67393
Wabash Ave & Grand Ave,41.891465999999994,-87.626761
Lake Shore Dr & North Blvd,41.911722,-87.626804
Leavitt St & North Ave,41.910153,-87.68229000000001
Chicago Ave & Sheridan Rd,42.050491,-87.677821
Budlong Woods Library,41.983664709,-87.696422561
Clark St & Leland Ave,41.967096000000005,-87.667429
Sheffield Ave & Fullerton Ave,41.925601881999995,-87.653708042
Theater on the Lake,41.926277,-87.630834
Sheridan Rd & Noyes St (NU),42.058239,-87.677432
Kimbark Ave & 53rd St,41.799568,-87.594747
Ogden Ave & Chicago Ave,41.896362458,-87.654061273
Aberdeen St & Monroe St,41.880419,-87.655519
Broadway & Berwyn Ave,41.978353000000006,-87.65975300000001
Cannon Dr & Fullerton Ave,41.926755988000004,-87.634428785
Montrose Harbor,41.963982,-87.638181
California Ave & Milwaukee Ave,41.922695000000004,-87.697153
Broadway & Waveland Ave,41.949073999999996,-87.648636
Franklin St & Monroe St,41.880317,-87.63518499999999
Lincoln Ave & Belle Plaine Ave,41.955927,-87.679259
Broadway & Belmont Ave,41.940106,-87.645451
Columbus Dr & Randolph St,41.884728,-87.61952099999999
Ashland Ave & 13th St,41.865234,-87.666507
Rush St & Superior St,41.895764746,-87.62590803299999
Lakeview Ave & Fullerton Pkwy,41.925858000000005,-87.638973
Fairbanks Ct & Grand Ave,41.89186,-87.62062
Cityfront Plaza Dr & Pioneer Ct,41.890572999999996,-87.622072
Clark St & Drummond Pl,41.931248,-87.644336
Clark St & 9th St (AMLI),41.870816,-87.63124599999999
Burnham Harbor,41.856268,-87.613348
Union Ave & Root St,41.819102,-87.64327800000001
Calumet Ave & 18th St,41.857611,-87.619407
Desplaines St & Kinzie St,41.888716036,-87.64444785299999
Eckhart Park,41.89637337,-87.66098386
Streeter Dr & Grand Ave,41.892278000000005,-87.612043
Larrabee St & Division St,41.90348607,-87.643353494
Larrabee St & Oak St,41.900219493,-87.64298546799999
State St & Kinzie St,41.889187,-87.62775400000001
Lake Shore Dr & Diversey Pkwy,41.932588,-87.636427
Ashland Ave & Grace St,41.950687,-87.6687
Dearborn St & Monroe St,41.881319815,-87.629520919
Christiana Ave & Lawrence Ave,41.968354494,-87.711830667
